source,definition
https://cloud.google.com/learn/what-is-artificial-intelligence,"Artificial intelligence is a field of science concerned with building computers and machines that can reason, learn, and act in such a way that would normally require human intelligence or that involves data whose scale exceeds what humans can analyze."
https://www.ibm.com/topics/artificial-intelligence,"Artificial intelligence, or AI, is technology that enables computers and machines to simulate human intelligence and problem-solving capabilities."
https://www.coursera.org/articles/what-is-artificial-intelligence,"Artificial intelligence (AI) refers to computer systems capable of performing complex tasks that historically only a human could do, such as reasoning, making decisions, or solving problems."
https://www.techtarget.com/searchenterpriseai/definition/AI-Artificial-Intelligence,"Artificual intellience is the simulation of human intelligence processes by machines, especially computer systems."
https://www.sas.com/en_us/insights/analytics/what-is-artificial-intelligence.html,"Artificial intelligence (AI) makes it possible for machines to learn from experience, adjust to new inputs and perform human-like tasks"
https://www.mckinsey.com/featured-insights/mckinsey-explainers/what-is-ai,Artificial intelligence is a machine?s ability to perform some cognitive functions we usually associate with human minds.
https://builtin.com/artificial-intelligence,Artificial intelligence (AI) is a wide-ranging branch of computer science that aims to build machines capable of performing tasks that typically require human intelligence.
https://www.technologyreview.com/2024/07/10/1094475/what-is-artificial-intelligence-ai-definitive-guide/,AI is a catchall term for a set of technologies that make computers do things that are thought to require intelligence when done by people.
https://www.iso.org/artificial-intelligence/what-is-ai,"Artificial intelligence is ?a technical and scientific field devoted to the engineered system that generates outputs such as content, forecasts, recommendations or decisions for a given set of human-defined objectives"
https://www.britannica.com/technology/artificial-intelligence,"Artificial intelligence (AI), the ability of a digital computer or computer-controlled robot to perform tasks commonly associated with intelligent beings. "
https://en.wikipedia.org/wiki/Artificial_intelligence,"Artificial intelligence (AI), in its broadest sense, is intelligence exhibited by machines, particularly computer systems. It is a field of research in computer science that develops and studies methods and software that enable machines to perceive their environment and use learning and intelligence to take actions that maximize their chances of achieving defined goals."
https://www.investopedia.com/terms/a/artificial-intelligence-ai.asp,Artificial intelligence (AI) technology allows computers and machines to simulate human intelligence and problem-solving tasks. The ideal characteristic of artificial intelligence is its ability to rationalize and take action to achieve a specific goal.
https://www.netapp.com/artificial-intelligence/what-is-artificial-intelligence/,"Artificial intelligence (AI) is the basis for mimicking human intelligence processes through the creation and application of algorithms built into a dynamic computing environment. Stated simply, AI is trying to make computers think and act like humans."
https://www.spiceworks.com/tech/artificial-intelligence/articles/what-is-ai/,Artificial intelligence (AI) is defined as the intelligence of a machine or computer that enables it to imitate or mimic human capabilities.
https://www.lsu.edu/ai/what-is-ai.php,"Artificial intelligence (AI) is an interdisciplinary field that leverages mathematics and statistics, cognitive science, and computing?to enable problem-solving?based on vast and robust datasets with high-performance computers."
https://www.oracle.com/artificial-intelligence/what-is-ai/,"AI has become a catchall term for applications that perform complex tasks that once required human input, such as communicating with customers online or playing chess."
https://www.state.gov/artificial-intelligence/,"The term ?artificial intelligence? means a machine-based system that can, for a given set of human-defined objectives, make predictions, recommendations or decisions influencing real or virtual environments."
